"AnswerCorrectness","AnswerRelevancy","Faithfulness","ContextRelevance","ContextRecall"
0.46275527763270474,0.41176739448900035,0.7058823529411765,0.5,1.0
0.4250431560860525,0.0,0.6785714285714286,0.75,1.0
0.6954577868793947,0.3995753683872703,0.9117647058823529,1.0,1.0
