"AnswerCorrectness","AnswerRelevancy","Faithfulness","ContextRelevance","ContextRecall"
0.8331305425122979,0.47542671744741133,0.8297872340425532,1.0,0.8
0.4561994125214216,0.2645975023034196,0.7272727272727273,1.0,0.6666666666666666
0.2811691269916806,0.3365169965155601,0.8888888888888888,1.0,0.8333333333333334
0.32916352254929493,0.31338011270319194,1.0,1.0,0.8333333333333334
